Workbook

Sheet Metadata
A1: Considerations
A2: The CESs were assigned based on the definition given in the papers analyzed. In cases where no clear definition was given but it was mentioned that a model known as INVEST was used, the INVEST definition was used. In other cases, the tags used in each paper to assign a particular CES were used as a guide for our definition.
A3: In cases where we considered that based on the definition, the CESs should be divided into independent categories, we identified them with an asterisk (*).

Sheet Validacion CES
A1: ID | B1: Title | C1: DOI | D1: DOI link | E1: original CES | F1: CES | G1: IPBES categories | H1: Codigo IPBES | I1: Definition | J1: well defined
A2: 44 | B2: The use of crowdsourced geographic information for spatial evaluation of cultural ecosystem services in the agricultural landscape the case of Chianti Classico (Italy) | C2: 10.30682/nm1902g | D2: =HYPERLINK("https://doi.org/" & C2, C2) -> 10.30682/nm1902g | E2: CESs provided by viticultural landscapes | F2: Enjoy the landscape | G2: =VLOOKUP(F2, Pasarela!$A$1:$F$548, 5, FALSE) -> Physical and psychological experiences | H2: =VLOOKUP(G2, Pasarela!$E$2:$F$548, 2, FALSE) -> 16 | I2: Centered on aesthetic appreciation of a protected area or natural landscape. The photos selected containing the tags “wine”, “vineyard”, “Chianti”, and related words, were filtered | J2: yes
A3: 40 | B3: Social media and deep learning reveal specific cultural preferences for biodiversity | C3: 10.1002/pan3.10466 | D3: =HYPERLINK("https://doi.org/" & C3, C3) -> 10.1002/pan3.10466 | E3: Cultural preferences for biodiversity | F3: Enjoy the fauna and flora | G3: =VLOOKUP(F3, Pasarela!$A$1:$F$548, 5, FALSE) -> Physical and psychological experiences | H3: =VLOOKUP(G3, Pasarela!$E$2:$F$548, 2, FALSE) -> 16 | I3: We define a human interaction -species as an image that represents an individual species as its main theme and we greatly conceptualize these interactions as a cultural service related to the cognitive enjoyment of biodiversity. Based on a list of images of 36 species of birds available in Inaturalist, insects, plants, mammals, reptiles, fungi and others | J3: yes
A4: 36 | B4: Scale dependency in drivers of outdoor recreation in England | C4: 10.1002/pan3.10042 | D4: =HYPERLINK("https://doi.org/" & C4, C4) -> 10.1002/pan3.10042 | E4: Outdoor recreation | F4: Recreation | G4: =VLOOKUP(F4, Pasarela!$A$1:$F$548, 5, FALSE) -> Physical and psychological experiences | H4: =VLOOKUP(G4, Pasarela!$E$2:$F$548, 2, FALSE) -> 16 | I4: Opportunities for outdoor recreation in England range from the use of local green spaces by walkers, dog walkers, community gardeners and families (day-to-day recreation) to planned trips to coastal areas and protected landscapes by hikers, mountain bikers, climbers and other tourists (destination recreation) | J4: yes
A5: 24 | B5: Harnessing artificial intelligence technology and social media data to support Cultural Ecosystem Service assessments | C5: 10.1002/pan3.10199 | D5: =HYPERLINK("https://doi.org/" & C5, C5) -> 10.1002/pan3.10199 | E5: Aesthetic value | F5: Enjoy the landscape | G5: =VLOOKUP(F5, Pasarela!$A$1:$F$548, 5, FALSE) -> Physical and psychological experiences | H5: =VLOOKUP(G5, Pasarela!$E$2:$F$548, 2, FALSE) -> 16 | I5: The definition is not exact but it says the following: For this work, we selected four CESs that are important for the UNESCO world heritage status and that are sensitive to the different pressures exerted by human use in the area, namely aesthetic value, outdoor recreation, cultural heritage and symbolic species (Locatelli et al., 2017) | J5: yes
A6: 24 | B6: Harnessing artificial intelligence technology and social media data to support Cultural Ecosystem Service assessments | C6: 10.1002/pan3.10199 | D6: =HYPERLINK("https://doi.org/" & C6, C6) -> 10.1002/pan3.10199 | E6: Outdoor recreation | F6: Recreation | G6: =VLOOKUP(F6, Pasarela!$A$1:$F$548, 5, FALSE) -> Physical and psychological experiences | H6: =VLOOKUP(G6, Pasarela!$E$2:$F$548, 2, FALSE) -> 16 | I6: The definition is not exact but it says the following: For this work, we selected four CESs that are important for the UNESCO world heritage status and that are sensitive to the different pressures exerted by human use in the area, namely aesthetic value, outdoor recreation, cultural heritage and symbolic species (Locatelli et al., 2017) | J6: yes
A7: 24 | B7: Harnessing artificial intelligence technology and social media data to support Cultural Ecosystem Service assessments | C7: 10.1002/pan3.10199 | D7: =HYPERLINK("https://doi.org/" & C7, C7) -> 10.1002/pan3.10199 | E7: Symbolic species | F7: Enjoy the fauna and flora | G7: =VLOOKUP(F7, Pasarela!$A$1:$F$548, 5, FALSE) -> Physical and psychological experiences | H7: =VLOOKUP(G7, Pasarela!$E$2:$F$548, 2, FALSE) -> 16 | I7: The definition is not exact but it says the following: For this work, we selected four CESs that are important for the UNESCO world heritage status and that are sensitive to the different pressures exerted by human use in the area, namely aesthetic value, outdoor recreation, cultural heritage and symbolic species (Locatelli et al., 2017) | J7: yes
A8: 24 | B8: Harnessing artificial intelligence technology and social media data to support Cultural Ecosystem Service assessments | C8: 10.1002/pan3.10199 | D8: =HYPERLINK("https://doi.org/" & C8, C8) -> 10.1002/pan3.10199 | E8: Cultural heritage | F8: Cultural heritage | G8: =VLOOKUP(F8, Pasarela!$A$1:$F$548, 5, FALSE) -> Supporting identities | H8: =VLOOKUP(G8, Pasarela!$E$2:$F$548, 2, FALSE) -> 17 | I8: The definition is not exact but it says the following: For this work, we selected four CESs that are important for the UNESCO world heritage status and that are sensitive to the different pressures exerted by human use in the area, namely aesthetic value, outdoor recreation, cultural heritage and symbolic species (Locatelli et al., 2017) | J8: yes
A9: 33 | B9: Quantifying wildlife watchers' preferences to investigate the overlap between recreational and conservation value of natural areas | C9: 10.1111/1365-2664.13274 | D9: =HYPERLINK("https://doi.org/" & C9, C9) -> 10.1111/1365-2664.13274 | E9: Recreation | F9: Recreation | G9: =VLOOKUP(F9, Pasarela!$A$1:$F$548, 5, FALSE) -> Physical and psychological experiences | H9: =VLOOKUP(G9, Pasarela!$E$2:$F$548, 2, FALSE) -> 16 | I9: Nature-based recreation substantially benefits human wellbeing, for example, by improving physical and mental health. | J9: yes
A10: 10 | B10: Characterizing nature-based recreation preferences in a Mediterranean small island environment using crowdsourced data | C10: 10.1080/26395916.2023.2274594 | D10: =HYPERLINK("https://doi.org/" & C10, C10) -> 10.1080/26395916.2023.2274594 | E10: people's nature-based recreation | F10: Recreation | G10: =VLOOKUP(F10, Pasarela!$A$1:$F$548, 5, FALSE) -> Physical and psychological experiences | H10: =VLOOKUP(G10, Pasarela!$E$2:$F$548, 2, FALSE) -> 16 | I10: The definition is not exact but it says the following: Labels defining nature-based recreation (i.e. diving, hiking or people recreating in nature) were used to categorize images depicting nature-based recreational activities | J10: yes
A11: 49 | B11: Using social media data and machine learning to map recreational ecosystem services | C11: 10.1016/j.ecolind.2023.110606 | D11: =HYPERLINK("https://doi.org/" & C11, C11) -> 10.1016/j.ecolind.2023.110606 | E11: Recreation | F11: Recreation | G11: =VLOOKUP(F11, Pasarela!$A$1:$F$548, 5, FALSE) -> Physical and psychological experiences | H11: =VLOOKUP(G11, Pasarela!$E$2:$F$548, 2, FALSE) -> 16 | I11: Recreation measured from geotagged photographs posted to Flickr based on the locations of natural habitats and other features that factor into people’s decisions about where to recreate. Our analysis focuses on nature-based recreation, i.e., recreational activities involving physical and experiential interactions with the natural environment. We manually categorized all labels and classified them into ten categories that depict: 1) trees; 2) other vegetation types; 3) accessibility; 4) wildlife; 5) rocks, hills, and mountains; 6) water; 7) recreational activities; 8) accommodation; 9) general landscape features; and 10) attractions | J11: yes
A12: 15 | B12: Cultural ecosystem services provided by rivers across diverse social-ecological landscapes: A social media analysis | C12: 10.1016/j.ecolind.2019.105580 | D12: =HYPERLINK("https://doi.org/" & C12, C12) -> 10.1016/j.ecolind.2019.105580 | E12: Aesthetics | F12: Enjoy the landscape | G12: =VLOOKUP(F12, Pasarela!$A$1:$F$548, 5, FALSE) -> Physical and psychological experiences | H12: =VLOOKUP(G12, Pasarela!$E$2:$F$548, 2, FALSE) -> 16 | I12: The definition is not exact but these are the key words to define the CES: view, scene, sunset, wonder, abandon | J12: yes
A13: 15 | B13: Cultural ecosystem services provided by rivers across diverse social-ecological landscapes: A social media analysis | C13: 10.1016/j.ecolind.2019.105580 | D13: =HYPERLINK("https://doi.org/" & C13, C13) -> 10.1016/j.ecolind.2019.105580 | E13: Cultural diversity | F13: Cultural heritage | G13: =VLOOKUP(F13, Pasarela!$A$1:$F$548, 5, FALSE) -> Supporting identities | H13: =VLOOKUP(G13, Pasarela!$E$2:$F$548, 2, FALSE) -> 17 | I13: The definition is not exact but these are the key words to define the CES: people, museum, indian, culture, river | J13: yes
... A17: 15 | B17: Cultural ecosystem services provided by rivers across diverse social-ecological landscapes: A social media analysis | C17: 10.1016/j.ecolind.2019.105580 | D17: =HYPERLINK("https://doi.org/" & C17, C17) -> 10.1016/j.ecolind.2019.105580 | E17: Inspiration* | F17: Psychological experiences | G17: =VLOOKUP(F17, Pasarela!$A$1:$F$548, 5, FALSE) -> Physical and psychological experiences | H17: =VLOOKUP(G17, Pasarela!$E$2:$F$548, 2, FALSE) -> 16 | I17: The definition is not exact but these are the key words to define the CES: memory, love, think, art, wonder | J17: no
A18: 15 | B18: Cultural ecosystem services provided by rivers across diverse social-ecological landscapes: A social media analysis | C18: 10.1016/j.ecolind.2019.105580 | D18: =HYPERLINK("https://doi.org/" & C18, C18) -> 10.1016/j.ecolind.2019.105580 | E18: Inspiration* | F18: Artistic inspiration | G18: Learning and inspiration | H18: =VLOOKUP(G18, Pasarela!$E$2:$F$548, 2, FALSE) -> 15 | I18: The definition is not exact but these are the key words to define the CES: memory, love, think, art, wonder | J18: no
A19: 15 | B19: Cultural ecosystem services provided by rivers across diverse social-ecological landscapes: A social media analysis | C19: 10.1016/j.ecolind.2019.105580 | D19: =HYPERLINK("https://doi.org/" & C19, C19) -> 10.1016/j.ecolind.2019.105580 | E19: Knowledge systems | F19: Research | G19: =VLOOKUP(F19, Pasarela!$A$1:$F$548, 5, FALSE) -> Learning and inspiration | H19: =VLOOKUP(G19, Pasarela!$E$2:$F$548, 2, FALSE) -> 15 | I19: The definition is not exact but these are the key words to define the CES: PlantParts, think, native, museum, discover | J19: yes
A20: 15 | B20: Cultural ecosystem services provided by rivers across diverse social-ecological landscapes: A social media analysis | C20: 10.1016/j.ecolind.2019.105580 | D20: =HYPERLINK("https://doi.org/" & C20, C20) -> 10.1016/j.ecolind.2019.105580 | E20: Recreation | F20: Recreation | G20: =VLOOKUP(F20, Pasarela!$A$1:$F$548, 5, FALSE) -> Physical and psychological experiences | H20: =VLOOKUP(G20, Pasarela!$E$2:$F$548, 2, FALSE) -> 16 | I20: The definition is not exact but these are the key words to define the CES: travel, boating, camping, raft, cycle | J20: yes
A21: 15 | B21: Cultural ecosystem services provided by rivers across diverse social-ecological landscapes: A social media analysis | C21: 10.1016/j.ecolind.2019.105580 | D21: =HYPERLINK("https://doi.org/" & C21, C21) -> 10.1016/j.ecolind.2019.105580 | E21: Sense of place | F21: Cultural heritage | G21: =VLOOKUP(F21, Pasarela!$A$1:$F$548, 5, FALSE) -> Supporting identities | H21: =VLOOKUP(G21, Pasarela!$E$2:$F$548, 2, FALSE) -> 17 | I21: The definition is not exact but these are the key words to define the CES: abandon, historic, connect, Culture, folk | J21: yes
A22: 15 | B22: Cultural ecosystem services provided by rivers across diverse social-ecological landscapes: A social media analysis | C22: 10.1016/j.ecolind.2019.105580 | D22: =HYPERLINK("https://doi.org/" & C22, C22) -> 10.1016/j.ecolind.2019.105580 | E22: Social relations | F22: Social relations | G22: Supporting identities | H22: =VLOOKUP(G22, Pasarela!$E$2:$F$548, 2, FALSE) -> 17 | I22: The definition is not exact but these are the key words to define the CES: wedding, family, celebrate, memory, love | J22: yes
A23: 15 | B23: Cultural ecosystem services provided by rivers across diverse social-ecological landscapes: A social media analysis | C23: 10.1016/j.ecolind.2019.105580 | D23: =HYPERLINK("https://doi.org/" & C23, C23) -> 10.1016/j.ecolind.2019.105580 | E23: Spiritual | F23: Spiritual significance | G23: =VLOOKUP(F23, Pasarela!$A$1:$F$548, 5, FALSE) -> Supporting identities | H23: =VLOOKUP(G23, Pasarela!$E$2:$F$548, 2, FALSE) -> 17 | I23: The definition is not exact but these are the key words to define the CES: celebrate, memory, love, mission, reflect | J23: yes
A24: 13 | B24: Crowdsourcing indicators for cultural ecosystem services: A geographically weighted approach for mountain landscapes | C24: 10.1016/j.ecolind.2015.12.042 | D24: =HYPERLINK("https://doi.org/" & C24, C24) -> 10.1016/j.ecolind.2015.12.042 | E24: Physical and experiential interactions* | F24: Enjoy the fauna and flora | G24: =VLOOKUP(F24, Pasarela!$A$1:$F$548, 5, FALSE) -> Physical and psychological experiences | H24: =VLOOKUP(G24, Pasarela!$E$2:$F$548, 2, FALSE) -> 16 | I24: Experiential use and enjoyment of wildlife – represented by photographs of wildlife | J24: no
A25: 13 | B25: Crowdsourcing indicators for cultural ecosystem services: A geographically weighted approach for mountain landscapes | C25: 10.1016/j.ecolind.2015.12.042 | D25: =HYPERLINK("https://doi.org/" & C25, C25) -> 10.1016/j.ecolind.2015.12.042 | E25: Physical and experiential interactions* | F25: Enjoy the landscape | G25: =VLOOKUP(F25, Pasarela!$A$1:$F$548, 5, FALSE) -> Physical and psychological experiences | H25: =VLOOKUP(G25, Pasarela!$E$2:$F$548, 2, FALSE) -> 16 | I25: Physical use of landscapes | J25: no
A26: 13 | B26: Crowdsourcing indicators for cultural ecosystem services: A geographically weighted approach for mountain landscapes | C26: 10.1016/j.ecolind.2015.12.042 | D26: =HYPERLINK("https://doi.org/" & C26, C26) -> 10.1016/j.ecolind.2015.12.042 | E26: Physical and experiential interactions* | F26: Recreation | G26: =VLOOKUP(F26, Pasarela!$A$1:$F$548, 5, FALSE) -> Physical and psychological experiences | H26: =VLOOKUP(G26, Pasarela!$E$2:$F$548, 2, FALSE) -> 16 | I26: Photographs of sport and recreational activities, such as skiing, climbing, hiking, camping and others. | J26: no
A27: 13 | B27: Crowdsourcing indicators for cultural ecosystem services: A geographically weighted approach for mountain landscapes | C27: 10.1016/j.ecolind.2015.12.042 | D27: =HYPERLINK("https://doi.org/" & C27, C27) -> 10.1016/j.ecolind.2015.12.042 | E27: Intellectual and representative interactions* | F27: Environmental education | G27: =VLOOKUP(F27, Pasarela!$A$1:$F$548, 5, FALSE) -> Learning and inspiration | H27: =VLOOKUP(G27, Pasarela!$E$2:$F$548, 2, FALSE) -> 15 | I27: Educational activities – represented by photographs of groups of students undertaking nature-related activities | J27: no
A28: 13 | B28: Crowdsourcing indicators for cultural ecosystem services: A geographically weighted approach for mountain landscapes | C28: 10.1016/j.ecolind.2015.12.042 | D28: =HYPERLINK("https://doi.org/" & C28, C28) -> 10.1016/j.ecolind.2015.12.042 | E28: Intellectual and representative interactions* | F28: Enjoy the landscape | G28: =VLOOKUP(F28, Pasarela!$A$1:$F$548, 5, FALSE) -> Physical and psychological experiences | H28: =VLOOKUP(G28, Pasarela!$E$2:$F$548, 2, FALSE) -> 16 | I28: Landscape aesthetics – photographs of natural and anthropic landscapes | J28: no
A29: 13 | B29: Crowdsourcing indicators for cultural ecosystem services: A geographically weighted approach for mountain landscapes | C29: 10.1016/j.ecolind.2015.12.042 | D29: =HYPERLINK("https://doi.org/" & C29, C29) -> 10.1016/j.ecolind.2015.12.042 | E29: Intellectual and representative interactions* | F29: Cultural heritage | G29: =VLOOKUP(F29, Pasarela!$A$1:$F$548, 5, FALSE) -> Supporting identities | H29: =VLOOKUP(G29, Pasarela!$E$2:$F$548, 2, FALSE) -> 17 | I29: Cultural heritage – representation of traditional livestock feeding practices and lifestyle related to agricultural heritage | J29: no
A30: 12 | B30: Combining social media photographs and species distribution models to map cultural ecosystem services: The case of a Natural Park in Portugal | C30: 10.1016/j.ecolind.2018.08.043 | D30: =HYPERLINK("https://doi.org/" & C30, C30) -> 10.1016/j.ecolind.2018.08.043 | E30: Cultural heritage and identity | F30: Cultural heritage | G30: =VLOOKUP(F30, Pasarela!$A$1:$F$548, 5, FALSE) -> Supporting identities | H30: =VLOOKUP(G30, Pasarela!$E$2:$F$548, 2, FALSE) -> 17 | I30: Value of landscapes, ecosystems, species or sites for local heritage and culture (including tangible and intangible heritage). | J30: yes
A31: 12 | B31: Combining social media photographs and species distribution models to map cultural ecosystem services: The case of a Natural Park in Portugal | C31: 10.1016/j.ecolind.2018.08.043 | D31: =HYPERLINK("https://doi.org/" & C31, C31) -> 10.1016/j.ecolind.2018.08.043 | E31: Inspiration | F31: Psychological experiences | G31: =VLOOKUP(F31, Pasarela!$A$1:$F$548, 5, FALSE) -> Physical and psychological experiences | H31: =VLOOKUP(G31, Pasarela!$E$2:$F$548, 2, FALSE) -> 16 | I31: Use of landscapes, ecosystems and their elements in arts, architecture, advertising, local symbols, folklore, etc | J31: yes
A32: 12 | B32: Combining social media photographs and species distribution models to map cultural ecosystem services: The case of a Natural Park in Portugal | C32: 10.1016/j.ecolind.2018.08.043 | D32: =HYPERLINK("https://doi.org/" & C32, C32) -> 10.1016/j.ecolind.2018.08.043 | E32: Inspiration* | F32: Artistic inspiration | G32: Learning and inspiration | H32: =VLOOKUP(G32, Pasarela!$E$2:$F$548, 2, FALSE) -> 15 | I32: Use of landscapes, ecosystems and their elements in arts, architecture, advertising, local symbols, folklore, etc | J32: no
A33: 12 | B33: Combining social media photographs and species distribution models to map cultural ecosystem services: The case of a Natural Park in Portugal | C33: 10.1016/j.ecolind.2018.08.043 | D33: =HYPERLINK("https://doi.org/" & C33, C33) -> 10.1016/j.ecolind.2018.08.043 | E33: Recreation | F33: Recreation | G33: =VLOOKUP(F33, Pasarela!$A$1:$F$548, 5, FALSE) -> Physical and psychological experiences | H33: =VLOOKUP(G33, Pasarela!$E$2:$F$548, 2, FALSE) -> 16 | I33: Opportunities provided by ecosystems (their biotic and abiotic elements) for recreational activities. | J33: yes
A34: 12 | B34: Combining social media photographs and species distribution models to map cultural ecosystem services: The case of a Natural Park in Portugal | C34: 10.1016/j.ecolind.2018.08.043 | D34: =HYPERLINK("https://doi.org/" & C34, C34) -> 10.1016/j.ecolind.2018.08.043 | E34: Scientific and educational* | F34: Research | G34: =VLOOKUP(F34, Pasarela!$A$1:$F$548, 5, FALSE) -> Learning and inspiration | H34: =VLOOKUP(G34, Pasarela!$E$2:$F$548, 2, FALSE) -> 15 | I34: Research or educational activities conducted through the natural environment of the ecosystem and its biological and non-biological components. Examples: Comments containing attractions for educational training or research activities, (e.g., educational bases). | J34: no
A35: 12 | B35: Combining social media photographs and species distribution models to map cultural ecosystem services: The case of a Natural Park in Portugal | C35: 10.1016/j.ecolind.2018.08.043 | D35: =HYPERLINK("https://doi.org/" & C35, C35) -> 10.1016/j.ecolind.2018.08.043 | E35: Scientific and educational* | F35: Environmental education | G35: =VLOOKUP(F35, Pasarela!$A$1:$F$548, 5, FALSE) -> Learning and inspiration | H35: =VLOOKUP(G35, Pasarela!$E$2:$F$548, 2, FALSE) -> 15 | I35: Research or educational activities conducted through the natural environment of the ecosystem and its biological and non-biological components. Examples: Comments containing attractions for educational training or research activities, (e.g., educational bases). | J35: no
A36: 12 | B36: Combining social media photographs and species distribution models to map cultural ecosystem services: The case of a Natural Park in Portugal | C36: 10.1016/j.ecolind.2018.08.043 | D36: =HYPERLINK("https://doi.org/" & C36, C36) -> 10.1016/j.ecolind.2018.08.043 | E36: Spiritual and religious | F36: Spiritual significance | G36: =VLOOKUP(F36, Pasarela!$A$1:$F$548, 5, FALSE) -> Supporting identities | H36: =VLOOKUP(G36, Pasarela!$E$2:$F$548, 2, FALSE) -> 17 | I36: Use of landscapes, ecosystems and their elements for religious or spiritual purposes | J36: yes
A37: 21 | B37: Explicit quantification of coastal cultural ecosystem services: A novel approach based on the content and sentimental analysis of social media | C37: 10.1016/j.ecolind.2022.108756 | D37: =HYPERLINK("https://doi.org/" & C37, C37) -> 10.1016/j.ecolind.2022.108756 | E37: Aesthetic | F37: Enjoy the landscape | G37: =VLOOKUP(F37, Pasarela!$A$1:$F$548, 5, FALSE) -> Physical and psychological experiences | H37: =VLOOKUP(G37, Pasarela!$E$2:$F$548, 2, FALSE) -> 16 | I37: Aesthetic services are the combination of the pluralistic attractiveness of nature from the perspective of different civilizations. Coastal ecosystems are composed of various landscape elements, and their appreciation is evaluated from specific landscape elements and overall preferences. | J37: yes
A38: 21 | B38: Explicit quantification of coastal cultural ecosystem services: A novel approach based on the content and sentimental analysis of social media | C38: 10.1016/j.ecolind.2022.108756 | D38: =HYPERLINK("https://doi.org/" & C38, C38) -> 10.1016/j.ecolind.2022.108756 | E38: Amenity | F38: Recreation | G38: =VLOOKUP(F38, Pasarela!$A$1:$F$548, 5, FALSE) -> Physical and psychological experiences | H38: =VLOOKUP(G38, Pasarela!$E$2:$F$548, 2, FALSE) -> 16 | I38: Amenity services represent the impact of natural components on human communities (Cochrane, 2006). A comfortable environment is visible and unique for both visitors and residents with reliable infrastructures in coastal attractions | J38: yes
A39: 21 | B39: Explicit quantification of coastal cultural ecosystem services: A novel approach based on the content and sentimental analysis of social media | C39: 10.1016/j.ecolind.2022.108756 | D39: =HYPERLINK("https://doi.org/" & C39, C39) -> 10.1016/j.ecolind.2022.108756 | E39: Knowledge* | F39: Environmental education | G39: =VLOOKUP(F39, Pasarela!$A$1:$F$548, 5, FALSE) -> Learning and inspiration | H39: =VLOOKUP(G39, Pasarela!$E$2:$F$548, 2, FALSE) -> 15 | I39: From indigenous knowledge systems to modern science, knowledge of the ecological environment is essential for the sustainable use of natural resources, climate change adaptation, and ecosystem resilience (Díaz et al., 2018, Haines-Young and Potschin-Young, 2018). The coastal ecosystem provides a material basis for scientific research and education. For example, coastal and oceanic observatories offer services for delivering high-quality environmental data to meet societal and political needs (El Serafy, 2020). Such an ecosystem enables people to draw on relevant knowledge identified as knowledge services. Recently, social media propagation has raised public awareness of the natural environment witnessed by both celebrities and ordinary people (Richards and Friess, 2015). | J39: no
A40: 21 | B40: Explicit quantification of coastal cultural ecosystem services: A novel approach based on the content and sentimental analysis of social media | C40: 10.1016/j.ecolind.2022.108756 | D40: =HYPERLINK("https://doi.org/" & C40, C40) -> 10.1016/j.ecolind.2022.108756 | E40: Knowledge* | F40: Research | G40: =VLOOKUP(F40, Pasarela!$A$1:$F$548, 5, FALSE) -> Learning and inspiration | H40: =VLOOKUP(G40, Pasarela!$E$2:$F$548, 2, FALSE) -> 15 | I40: From indigenous knowledge systems to modern science, knowledge of the ecological environment is essential for the sustainable use of natural resources, climate change adaptation, and ecosystem resilience (Díaz et al., 2018, Haines-Young and Potschin-Young, 2018). The coastal ecosystem provides a material basis for scientific research and education. For example, coastal and oceanic observatories offer services for delivering high-quality environmental data to meet societal and political needs (El Serafy, 2020). Such an ecosystem enables people to draw on relevant knowledge identified as knowledge services. Recently, social media propagation has raised public awareness of the natural environment witnessed by both celebrities and ordinary people (Richards and Friess, 2015). | J40: no
A41: 21 | B41: Explicit quantification of coastal cultural ecosystem services: A novel approach based on the content and sentimental analysis of social media | C41: 10.1016/j.ecolind.2022.108756 | D41: =HYPERLINK("https://doi.org/" & C41, C41) -> 10.1016/j.ecolind.2022.108756 | E41: Naturalistic | F41: Enjoy the fauna and flora | G41: =VLOOKUP(F41, Pasarela!$A$1:$F$548, 5, FALSE) -> Physical and psychological experiences | H41: =VLOOKUP(G41, Pasarela!$E$2:$F$548, 2, FALSE) -> 16 | I41: Proenvironmental attitudes and behaviors and consciousness of mediating a proper relationship between all living organisms on Earth (Katz-Gerro and Orenstein, 2015) inspire people to pursue a greater sense of spiritual well-being. Notably, the coastal biome is one of the habitats with the greatest diversity of species in the world (Wolanski and McLusky, 2011). However, unique biomes such as mangroves and wetlands near coastal cities are threatened by extensive reclamation projects, depleting fish stocks, and coastal waters tainted by domestic waste and pollutants (Friess, 2017, Garcia Rodrigues et al., 2017). Thus, an assessment of naturalistic services is a preliminary practice for developing sustainable coastal tourism. | J41: yes
A42: 21 | B42: Explicit quantification of coastal cultural ecosystem services: A novel approach based on the content and sentimental analysis of social media | C42: 10.1016/j.ecolind.2022.108756 | D42: =HYPERLINK("https://doi.org/" & C42, C42) -> 10.1016/j.ecolind.2022.108756 | E42: Recreational | F42: Recreation | G42: =VLOOKUP(F42, Pasarela!$A$1:$F$548, 5, FALSE) -> Physical and psychological experiences | H42: =VLOOKUP(G42, Pasarela!$E$2:$F$548, 2, FALSE) -> 16 | I42: Recreational services represent the cultural benefits arising from sports-related activities, which include land and water recreation (Jackson et al., 2013, Balzan and Debono, 2018, Havinga et al., 2020). Many outdoor recreational activities in coastal areas are dependent on the availability and distribution of ecosystems, including those for jogging, cycling, and sailing. Recreational services benefit people's health and well-being by providing a pleasant physical environment. | J42: yes
A43: 21 | B43: Explicit quantification of coastal cultural ecosystem services: A novel approach based on the content and sentimental analysis of social media | C43: 10.1016/j.ecolind.2022.108756 | D43: =HYPERLINK("https://doi.org/" & C43, C43) -> 10.1016/j.ecolind.2022.108756 | E43: Spiritual and religious* | F43: Spiritual significance | G43: =VLOOKUP(F43, Pasarela!$A$1:$F$548, 5, FALSE) -> Supporting identities | H43: =VLOOKUP(G43, Pasarela!$E$2:$F$548, 2, FALSE) -> 17 | I43: A sacred landscape in the wild is central to religious tourism or secular pilgrimage, arousing beliefs of the past and promoting a heritage of cultural memory (Hernández-Morcillo et al., 2013, Clemente et al., 2019). In residing in a coastal environment for centuries, communities with racial and ethnic differences have particular cultures of entertainment, recreation, social customs, and habits that shape religious beliefs and essential elements of their lives. | J43: no
A44: 21 | B44: Explicit quantification of coastal cultural ecosystem services: A novel approach based on the content and sentimental analysis of social media | C44: 10.1016/j.ecolind.2022.108756 | D44: =HYPERLINK("https://doi.org/" & C44, C44) -> 10.1016/j.ecolind.2022.108756 | E44: Spiritual and religious* | F44: Cultural heritage | G44: =VLOOKUP(F44, Pasarela!$A$1:$F$548, 5, FALSE) -> Supporting identities | H44: =VLOOKUP(G44, Pasarela!$E$2:$F$548, 2, FALSE) -> 17 | I44: A sacred landscape in the wild is central to religious tourism or secular pilgrimage, arousing beliefs of the past and promoting a heritage of cultural memory (Hernández-Morcillo et al., 2013, Clemente et al., 2019). In residing in a coastal environment for centuries, communities with racial and ethnic differences have particular cultures of entertainment, recreation, social customs, and habits that shape religious beliefs and essential elements of their lives. | J44: no
... A51: 6 | B51: Assessing the supply and demand linkage of cultural ecosystem services in a typical county-level city with protected areas in China | C51: 10.1016/j.ecolind.2023.109992 | D51: =HYPERLINK("https://doi.org/" & C51, C51) -> 10.1016/j.ecolind.2023.109992 | E51: Recreation and ecotourism | F51: Recreation | G51: =VLOOKUP(F51, Pasarela!$A$1:$F$548, 5, FALSE) -> Physical and psychological experiences | H51: =VLOOKUP(G51, Pasarela!$E$2:$F$548, 2, FALSE) -> 16 | I51: The area is characterized by a natural or man-made landscape, a place where people choose to rest and relax during their leisure time. | J51: yes
A52: 41 | B52: Spatial analysis of cultural ecosystem services using data from social media: A guide to model selection for research and practice | C52: 10.3897/oneeco.8.e95685 | D52: =HYPERLINK("https://doi.org/" & C52, C52) -> 10.3897/oneeco.8.e95685 | E52: general CES | F52: Non-material NCP | G52: Non-material NCP | H52: 15, 16, 17, 18 | I52: We emphasise that this study considered in-situ cultural ecosystem services broadly without disaggregating specific services or assuming user intentions and, therefore, analysis is based on the location of the photographer, not the content captured in the photograph itself (which would require inspection) | J52: yes
A53: 48 | B53: Using image recognition to automate assessment of cultural ecosystem services from social media photographs | C53: 10.1016/j.ecoser.2017.09.004 | D53: =HYPERLINK("https://doi.org/" & C53, C53) -> 10.1016/j.ecoser.2017.09.004 | E53: general CES | F53: Non-material NCP | G53: Non-material NCP | H53: 15, 16, 17, 18 | I53: Hierarchical clustering was applied to define seven major groups of photographs, which were were: transport (n = 2768), plant (n = 2485), animal (n = 2951), food (n = 1540), people (n = 1951), sports (n = 727), and landscape and miscellaneous photographs (n = 10,626). | J53: yes
A54: 35 | B54: Revealing spatial and temporal patterns of outdoor recreation in the European Alps and their surroundings | C54: 10.1016/j.ecoser.2017.11.017 | D54: =HYPERLINK("https://doi.org/" & C54, C54) -> 10.1016/j.ecoser.2017.11.017 | E54: Outdoor recreation | F54: Recreation | G54: =VLOOKUP(F54, Pasarela!$A$1:$F$548, 5, FALSE) -> Physical and psychological experiences | H54: =VLOOKUP(G54, Pasarela!$E$2:$F$548, 2, FALSE) -> 16 | I54: outdoor recreation activities like hiking, mountain biking, climbing, or skiing | J54: yes
A55: 32 | B55: Quantifying the visual-sensory landscape qualities that contribute to cultural ecosystem services using social media and LiDAR | C55: 10.1016/j.ecoser.2018.03.022 | D55: =HYPERLINK("https://doi.org/" & C55, C55) -> 10.1016/j.ecoser.2018.03.022 | E55: Historical monuments and coastal attractions | F55: Cultural heritage | G55: =VLOOKUP(F55, Pasarela!$A$1:$F$548, 5, FALSE) -> Supporting identities | H55: =VLOOKUP(G55, Pasarela!$E$2:$F$548, 2, FALSE) -> 17 | I55: Historical monuments and coastal attractions | J55: yes
A56: 32 | B56: Quantifying the visual-sensory landscape qualities that contribute to cultural ecosystem services using social media and LiDAR | C56: 10.1016/j.ecoser.2018.03.022 | D56: =HYPERLINK("https://doi.org/" & C56, C56) -> 10.1016/j.ecoser.2018.03.022 | E56: Outdoor activities | F56: Recreation | G56: =VLOOKUP(F56, Pasarela!$A$1:$F$548, 5, FALSE) -> Physical and psychological experiences | H56: =VLOOKUP(G56, Pasarela!$E$2:$F$548, 2, FALSE) -> 16 | I56: Outdoor recreational and leisure activities | J56: yes
A57: 32 | B57: Quantifying the visual-sensory landscape qualities that contribute to cultural ecosystem services using social media and LiDAR | C57: 10.1016/j.ecoser.2018.03.022 | D57: =HYPERLINK("https://doi.org/" & C57, C57) -> 10.1016/j.ecoser.2018.03.022 | E57: Plants or animals | F57: Enjoy the fauna and flora | G57: =VLOOKUP(F57, Pasarela!$A$1:$F$548, 5, FALSE) -> Physical and psychological experiences | H57: =VLOOKUP(G57, Pasarela!$E$2:$F$548, 2, FALSE) -> 16 | I57: Contained plants and animals | J57: yes
A58: 32 | B58: Quantifying the visual-sensory landscape qualities that contribute to cultural ecosystem services using social media and LiDAR | C58: 10.1016/j.ecoser.2018.03.022 | D58: =HYPERLINK("https://doi.org/" & C58, C58) -> 10.1016/j.ecoser.2018.03.022 | E58: Sunset/sunrise and weather phenomena | F58: Enjoy the landscape | G58: =VLOOKUP(F58, Pasarela!$A$1:$F$548, 5, FALSE) -> Physical and psychological experiences | H58: =VLOOKUP(G58, Pasarela!$E$2:$F$548, 2, FALSE) -> 16 | I58: Included sunsets/sunrises and weather phenomena | J58: yes
A59: 16 | B59: Defining and spatially modelling cultural ecosystem services using crowdsourced data | C59: 10.1016/j.ecoser.2020.101091 | D59: =HYPERLINK("https://doi.org/" & C59, C59) -> 10.1016/j.ecoser.2020.101091 | E59: Activity services _x0096_ hiking environment | F59: Recreation | G59: =VLOOKUP(F59, Pasarela!$A$1:$F$548, 5, FALSE) -> Physical and psychological experiences | H59: =VLOOKUP(G59, Pasarela!$E$2:$F$548, 2, FALSE) -> 16 | I59: This contribution is generated as an information flow to the individual as the brain and sensory organs interpret the immediate, physical configuration of the ecosystem while performing the physical activity. For example, the terrain on which a person is cycling or running constitutes the ecosystem contribution to the outdoor cycling or running activity; the cultural benefit. Activity services are thus not related to the aesthetics of an ecosystem, which are generated separately as aesthetic services. | J59: yes
A60: 16 | B60: Defining and spatially modelling cultural ecosystem services using crowdsourced data | C60: 10.1016/j.ecoser.2020.101091 | D60: =HYPERLINK("https://doi.org/" & C60, C60) -> 10.1016/j.ecoser.2020.101091 | E60: Aesthetic services _x0096_ landscape presence | F60: Enjoy the landscape | G60: =VLOOKUP(F60, Pasarela!$A$1:$F$548, 5, FALSE) -> Physical and psychological experiences | H60: =VLOOKUP(G60, Pasarela!$E$2:$F$548, 2, FALSE) -> 16 | I60: Aesthetic services are generated when ecosystems communicate a sensory configuration of beauty (MA, 2005). This flow of information is registered and shared on social media sites such as Flickr, Instagram and Twitter. The information contributes to the cultural benefit of a scenic view for the individual, the benefit only manifesting itself through human cognitive action and choice. | J60: yes
A61: 16 | B61: Defining and spatially modelling cultural ecosystem services using crowdsourced data | C61: 10.1016/j.ecoser.2020.101091 | D61: =HYPERLINK("https://doi.org/" & C61, C61) -> 10.1016/j.ecoser.2020.101091 | E61: Naturalist services _x0096_ species observations | F61: Enjoy the fauna and flora | G61: =VLOOKUP(F61, Pasarela!$A$1:$F$548, 5, FALSE) -> Physical and psychological experiences | H61: =VLOOKUP(G61, Pasarela!$E$2:$F$548, 2, FALSE) -> 16 | I61: People hold strong bonds with nature and gain a sense of place and fulfilment knowing an ecosystem is functioning and in good health (TEEB, 2010b, Díaz et al., 2018). These interactions constitute an information flow in the sense that the ecosystem conveys a notion of ecological meaning. Hence, naturalist services are related to the human enjoyment of ecosystems rather than the development of knowledge. This contributes to the benefit of a species record, evidence of a functioning ecosystem and thus a sense of fulfilment for the individual, in combination with the effort expended in identifying and storing the record. | J61: yes
A62: 14 | B62: Crowdsourcing social values data: Flickr and public participation GIS provide different perspectives of ecosystem services in a remote coastal region | C62: 10.1016/j.ecoser.2023.101566 | D62: =HYPERLINK("https://doi.org/" & C62, C62) -> 10.1016/j.ecoser.2023.101566 | E62: Aboriginal | F62: Cultural heritage | G62: =VLOOKUP(F62, Pasarela!$A$1:$F$548, 5, FALSE) -> Supporting identities | H62: =VLOOKUP(G62, Pasarela!$E$2:$F$548, 2, FALSE) -> 17 | I62: Reflect Aboriginal history or connection with coastal and sea country. Examples: Rock art, paintings, artwork | J62: yes
A63: 14 | B63: Crowdsourcing social values data: Flickr and public participation GIS provide different perspectives of ecosystem services in a remote coastal region | C63: 10.1016/j.ecoser.2023.101566 | D63: =HYPERLINK("https://doi.org/" & C63, C63) -> 10.1016/j.ecoser.2023.101566 | E63: Biological* | F63: Enjoy the fauna and flora | G63: =VLOOKUP(F63, Pasarela!$A$1:$F$548, 5, FALSE) -> Physical and psychological experiences | H63: =VLOOKUP(G63, Pasarela!$E$2:$F$548, 2, FALSE) -> 16 | I63: Nature appreciation, living organisms. Examples: Animals, plants, habitats such as reefs and mangroves | J63: no
A64: 14 | B64: Crowdsourcing social values data: Flickr and public participation GIS provide different perspectives of ecosystem services in a remote coastal region | C64: 10.1016/j.ecoser.2023.101566 | D64: =HYPERLINK("https://doi.org/" & C64, C64) -> 10.1016/j.ecoser.2023.101566 | E64: Biological* | F64: Enjoy the landscape | G64: =VLOOKUP(F64, Pasarela!$A$1:$F$548, 5, FALSE) -> Physical and psychological experiences | H64: =VLOOKUP(G64, Pasarela!$E$2:$F$548, 2, FALSE) -> 16 | I64: Nature appreciation, living organisms. Examples: Animals, plants, habitats such as reefs and mangroves | J64: no
A65: 14 | B65: Crowdsourcing social values data: Flickr and public participation GIS provide different perspectives of ecosystem services in a remote coastal region | C65: 10.1016/j.ecoser.2023.101566 | D65: =HYPERLINK("https://doi.org/" & C65, C65) -> 10.1016/j.ecoser.2023.101566 | E65: Economic | F65: Not cultural | I65: Natural resources which can be used by people and transportation of these resources. Examples: Oil/gas, mining, minerals, pastoralism, commercial vessels, trucks, trains | J65: yes
A66: 14 | B66: Crowdsourcing social values data: Flickr and public participation GIS provide different perspectives of ecosystem services in a remote coastal region | C66: 10.1016/j.ecoser.2023.101566 | D66: =HYPERLINK("https://doi.org/" & C66, C66) -> 10.1016/j.ecoser.2023.101566 | E66: Heritage | F66: Cultural heritage | G66: =VLOOKUP(F66, Pasarela!$A$1:$F$548, 5, FALSE) -> Supporting identities | H66: =VLOOKUP(G66, Pasarela!$E$2:$F$548, 2, FALSE) -> 17 | I66: Reflect European history. Example: World War Two artefacts, exploration, pastoralism | J66: yes
A67: 14 | B67: Crowdsourcing social values data: Flickr and public participation GIS provide different perspectives of ecosystem services in a remote coastal region | C67: 10.1016/j.ecoser.2023.101566 | D67: =HYPERLINK("https://doi.org/" & C67, C67) -> 10.1016/j.ecoser.2023.101566 | E67: Learning | F67: Environmental education | G67: =VLOOKUP(F67, Pasarela!$A$1:$F$548, 5, FALSE) -> Learning and inspiration | H67: =VLOOKUP(G67, Pasarela!$E$2:$F$548, 2, FALSE) -> 15 | I67: Enable learning through observation or study. Examples: Clipboards, art centres, museums, photos of natural history specimens | J67: yes
A68: 14 | B68: Crowdsourcing social values data: Flickr and public participation GIS provide different perspectives of ecosystem services in a remote coastal region | C68: 10.1016/j.ecoser.2023.101566 | D68: =HYPERLINK("https://doi.org/" & C68, C68) -> 10.1016/j.ecoser.2023.101566 | E68: Nature-based tourism | F68: Recreation | G68: =VLOOKUP(F68, Pasarela!$A$1:$F$548, 5, FALSE) -> Physical and psychological experiences | H68: =VLOOKUP(G68, Pasarela!$E$2:$F$548, 2, FALSE) -> 16 | I68: Tourism opportunities in the natural environment. Example: Tourism infrastructure, accommodation, cruises, cave systems, gorges, rivers, waterfalls, wildlife observation, statues or sculptures, information signs | J68: yes
A69: 14 | B69: Crowdsourcing social values data: Flickr and public participation GIS provide different perspectives of ecosystem services in a remote coastal region | C69: 10.1016/j.ecoser.2023.101566 | D69: =HYPERLINK("https://doi.org/" & C69, C69) -> 10.1016/j.ecoser.2023.101566 | E69: Recreation | F69: Recreation | G69: =VLOOKUP(F69, Pasarela!$A$1:$F$548, 5, FALSE) -> Physical and psychological experiences | H69: =VLOOKUP(G69, Pasarela!$E$2:$F$548, 2, FALSE) -> 16 | I69: Outdoor recreation activities. Examples: Off-road vehicles, bicycles, camping gear, sunbathing/swimming, hiking, riding, diving, snorkelling, surfing, social activities such as bonfires and picnics | J69: yes
A70: 14 | B70: Crowdsourcing social values data: Flickr and public participation GIS provide different perspectives of ecosystem services in a remote coastal region | C70: 10.1016/j.ecoser.2023.101566 | D70: =HYPERLINK("https://doi.org/" & C70, C70) -> 10.1016/j.ecoser.2023.101566 | E70: Recreational fishing | F70: Recreation (e.g. hunting, fishing) | G70: =VLOOKUP(F70, Pasarela!$A$1:$F$548, 5, FALSE) -> Physical and psychological experiences | H70: =VLOOKUP(G70, Pasarela!$E$2:$F$548, 2, FALSE) -> 16 | I70: Fishing for fish or other marine life. Examples: Fishing rods, crab pots | J70: yes
A71: 14 | B71: Crowdsourcing social values data: Flickr and public participation GIS provide different perspectives of ecosystem services in a remote coastal region | C71: 10.1016/j.ecoser.2023.101566 | D71: =HYPERLINK("https://doi.org/" & C71, C71) -> 10.1016/j.ecoser.2023.101566 | E71: Scenic | F71: Enjoy the landscape | G71: =VLOOKUP(F71, Pasarela!$A$1:$F$548, 5, FALSE) -> Physical and psychological experiences | H71: =VLOOKUP(G71, Pasarela!$E$2:$F$548, 2, FALSE) -> 16 | I71: Landscapes or attractive scenery. Examples: Gorges, waterfalls, caves, islands, beaches, sunrise/sunset, aerial view over the landscape, moon or stars, natural processes such as fire or lightning | J71: yes
A72: 14 | B72: Crowdsourcing social values data: Flickr and public participation GIS provide different perspectives of ecosystem services in a remote coastal region | C72: 10.1016/j.ecoser.2023.101566 | D72: =HYPERLINK("https://doi.org/" & C72, C72) -> 10.1016/j.ecoser.2023.101566 | E72: Spiritual | F72: Spiritual significance | G72: =VLOOKUP(F72, Pasarela!$A$1:$F$548, 5, FALSE) -> Supporting identities | H72: =VLOOKUP(G72, Pasarela!$E$2:$F$548, 2, FALSE) -> 17 | I72: Sacred, religious or spiritually special places (excluding Aboriginal culture). Examples: Churches, graveyards | J72: yes
A73: 17 | B73: Demand and supply of cultural ecosystem services: Use of geotagged photos to map the aesthetic value of landscapes in Hokkaido | C73: 10.1016/j.ecoser.2017.02.009 | D73: =HYPERLINK("https://doi.org/" & C73, C73) -> 10.1016/j.ecoser.2017.02.009 | E73: Aesthetic value | F73: Enjoy the landscape | G73: =VLOOKUP(F73, Pasarela!$A$1:$F$548, 5, FALSE) -> Physical and psychological experiences | H73: =VLOOKUP(G73, Pasarela!$E$2:$F$548, 2, FALSE) -> 16 | I73: The aesthetic value of landscapes is the pleasure derived from natural beauty (TEEB, 2010). Aesthetic value is an especially important factor in recreation (Daniel et al., 2012), and is strongly related to market price. For example, residential price is affected by the amount of ocean or lake views | J73: yes
A74: 45 | B74: Understanding different cultural ecosystem services: An exploration of rural landscape preferences based on geographic and social media data | C74: 10.1016/j.jenvman.2022.115487 | D74: =HYPERLINK("https://doi.org/" & C74, C74) -> 10.1016/j.jenvman.2022.115487 | E74: Rural landscapes* Physical | F74: Recreation | G74: =VLOOKUP(F74, Pasarela!$A$1:$F$548, 5, FALSE) -> Physical and psychological experiences | H74: =VLOOKUP(G74, Pasarela!$E$2:$F$548, 2, FALSE) -> 16 | I74: Rural landscapes provide people with a wide range of cultural ecosystem services (CESs), such as recreation, science and education, cultural heritage and aesthetic function. The aim of this study is to assess the dominant rural landscape characteristics of different CESs from physical, experiential, intellectual and inspirational aspects. | J74: no
A75: 45 | B75: Understanding different cultural ecosystem services: An exploration of rural landscape preferences based on geographic and social media data | C75: 10.1016/j.jenvman.2022.115487 | D75: =HYPERLINK("https://doi.org/" & C75, C75) -> 10.1016/j.jenvman.2022.115487 | E75: Rural landscapes* Experiential | F75: Enjoy the landscape | G75: =VLOOKUP(F75, Pasarela!$A$1:$F$548, 5, FALSE) -> Physical and psychological experiences | H75: =VLOOKUP(G75, Pasarela!$E$2:$F$548, 2, FALSE) -> 16 | I75: Rural landscapes provide people with a wide range of cultural ecosystem services (CESs), such as recreation, science and education, cultural heritage and aesthetic function. The aim of this study is to assess the dominant rural landscape characteristics of different CESs from physical, experiential, intellectual and inspirational aspects. | J75: no
A76: 45 | B76: Understanding different cultural ecosystem services: An exploration of rural landscape preferences based on geographic and social media data | C76: 10.1016/j.jenvman.2022.115487 | D76: =HYPERLINK("https://doi.org/" & C76, C76) -> 10.1016/j.jenvman.2022.115487 | E76: Rural landscapes* Intellectual | F76: Research | G76: =VLOOKUP(F76, Pasarela!$A$1:$F$548, 5, FALSE) -> Learning and inspiration | H76: =VLOOKUP(G76, Pasarela!$E$2:$F$548, 2, FALSE) -> 15 | I76: Rural landscapes provide people with a wide range of cultural ecosystem services (CESs), such as recreation, science and education, cultural heritage and aesthetic function. The aim of this study is to assess the dominant rural landscape characteristics of different CESs from physical, experiential, intellectual and inspirational aspects. | J76: no
A77: 45 | B77: Understanding different cultural ecosystem services: An exploration of rural landscape preferences based on geographic and social media data | C77: 10.1016/j.jenvman.2022.115487 | D77: =HYPERLINK("https://doi.org/" & C77, C77) -> 10.1016/j.jenvman.2022.115487 | E77: Rural landscapes* Intellectual | F77: Environmental education | G77: =VLOOKUP(F77, Pasarela!$A$1:$F$548, 5, FALSE) -> Learning and inspiration | H77: =VLOOKUP(G77, Pasarela!$E$2:$F$548, 2, FALSE) -> 15 | I77: Rural landscapes provide people with a wide range of cultural ecosystem services (CESs), such as recreation, science and education, cultural heritage and aesthetic function. The aim of this study is to assess the dominant rural landscape characteristics of different CESs from physical, experiential, intellectual and inspirational aspects. | J77: no
... A99: 3 | B99: An Interpretation of Landscape Preferences Based on Geographic and Social Media Data to Understand Different Cultural Ecosystem Services | C99: 10.3390/land13020125 | D99: =HYPERLINK("https://doi.org/" & C99, C99) -> 10.3390/land13020125 | E99: inspirational CES Inspiration* | F99: Psychological experiences | G99: =VLOOKUP(F99, Pasarela!$A$1:$F$548, 5, FALSE) -> Physical and psychological experiences | H99: =VLOOKUP(G99, Pasarela!$E$2:$F$548, 2, FALSE) -> 16 | I99: Landscapes, ecosystems and their elements used in art architecture, advertising, local symbols, and folklore. Examples: Comments containing attractions with art publicity and local symbols (e.g., art gallery and music) | J99: no
A100: 3 | B100: An Interpretation of Landscape Preferences Based on Geographic and Social Media Data to Understand Different Cultural Ecosystem Services | C100: 10.3390/land13020125 | D100: =HYPERLINK("https://doi.org/" & C100, C100) -> 10.3390/land13020125 | E100: inspirational CES Inspiration* | F100: Artistic inspiration | G100: Learning and inspiration | H100: =VLOOKUP(G100, Pasarela!$E$2:$F$548, 2, FALSE) -> 15 | I100: Landscapes, ecosystems and their elements used in art architecture, advertising, local symbols, and folklore. Examples: Comments containing attractions with art publicity and local symbols (e.g., art gallery and music) | J100: no
A101: 3 | B101: An Interpretation of Landscape Preferences Based on Geographic and Social Media Data to Understand Different Cultural Ecosystem Services | C101: 10.3390/land13020125 | D101: =HYPERLINK("https://doi.org/" & C101, C101) -> 10.3390/land13020125 | E101: intellectual CES Scientific and educational* | F101: Research | G101: =VLOOKUP(F101, Pasarela!$A$1:$F$548, 5, FALSE) -> Learning and inspiration | H101: =VLOOKUP(G101, Pasarela!$E$2:$F$548, 2, FALSE) -> 15 | I101: Research or educational activities conducted through the natural environment of the ecosystem and its biological and non-biological components. Examples: Comments containing attractions for educational training or research activities, (e.g., educational bases). | J101: no
A102: 3 | B102: An Interpretation of Landscape Preferences Based on Geographic and Social Media Data to Understand Different Cultural Ecosystem Services | C102: 10.3390/land13020125 | D102: =HYPERLINK("https://doi.org/" & C102, C102) -> 10.3390/land13020125 | E102: intellectual CES Scientific and educational* | F102: Environmental education | G102: =VLOOKUP(F102, Pasarela!$A$1:$F$548, 5, FALSE) -> Learning and inspiration | H102: =VLOOKUP(G102, Pasarela!$E$2:$F$548, 2, FALSE) -> 15 | I102: Research or educational activities conducted through the natural environment of the ecosystem and its biological and non-biological components. Examples: Comments containing attractions for educational training or research activities, (e.g., educational bases). | J102: no
A103: 3 | B103: An Interpretation of Landscape Preferences Based on Geographic and Social Media Data to Understand Different Cultural Ecosystem Services | C103: 10.3390/land13020125 | D103: =HYPERLINK("https://doi.org/" & C103, C103) -> 10.3390/land13020125 | E103: intellectual CES Cultural heritage and identity* | F103: Enjoy the landscape | G103: =VLOOKUP(F103, Pasarela!$A$1:$F$548, 5, FALSE) -> Physical and psychological experiences | H103: =VLOOKUP(G103, Pasarela!$E$2:$F$548, 2, FALSE) -> 16 | I103: Value of the landscape, species or location to the local heritage and cultural heritage. Examples: Comments containing cultural heritage or intangible cultural heritage (e.g., traditional buildings, local culture, cultural landscape and traditional practices). | J103: no
A104: 3 | B104: An Interpretation of Landscape Preferences Based on Geographic and Social Media Data to Understand Different Cultural Ecosystem Services | C104: 10.3390/land13020125 | D104: =HYPERLINK("https://doi.org/" & C104, C104) -> 10.3390/land13020125 | E104: intellectual CES Cultural heritage and identity* | F104: Enjoy the fauna and flora | G104: =VLOOKUP(F104, Pasarela!$A$1:$F$548, 5, FALSE) -> Physical and psychological experiences | H104: =VLOOKUP(G104, Pasarela!$E$2:$F$548, 2, FALSE) -> 16 | I104: Value of the landscape, species or location to the local heritage and cultural heritage. Examples: Comments containing cultural heritage or intangible cultural heritage (e.g., traditional buildings, local culture, cultural landscape and traditional practices). | J104: no
A105: 3 | B105: An Interpretation of Landscape Preferences Based on Geographic and Social Media Data to Understand Different Cultural Ecosystem Services | C105: 10.3390/land13020125 | D105: =HYPERLINK("https://doi.org/" & C105, C105) -> 10.3390/land13020125 | E105: intellectual CES Cultural heritage and identity* | F105: Cultural heritage | G105: =VLOOKUP(F105, Pasarela!$A$1:$F$548, 5, FALSE) -> Supporting identities | H105: =VLOOKUP(G105, Pasarela!$E$2:$F$548, 2, FALSE) -> 17 | I105: Value of the landscape, species or location to the local heritage and cultural heritage. Examples: Comments containing cultural heritage or intangible cultural heritage (e.g., traditional buildings, local culture, cultural landscape and traditional practices). | J105: no
A106: 3 | B106: An Interpretation of Landscape Preferences Based on Geographic and Social Media Data to Understand Different Cultural Ecosystem Services | C106: 10.3390/land13020125 | D106: =HYPERLINK("https://doi.org/" & C106, C106) -> 10.3390/land13020125 | E106: physical CES | F106: Recreation | G106: =VLOOKUP(F106, Pasarela!$A$1:$F$548, 5, FALSE) -> Physical and psychological experiences | H106: =VLOOKUP(G106, Pasarela!$E$2:$F$548, 2, FALSE) -> 16 | I106: Resources provided for recreational activities in the ecosystem (its biological and non-biological elements). Examples: Comments containing attractions for recreational activities (e.g., mountain climbing skiing and rafting). | J106: yes
A107: 9 | B107: Can We Foresee Landscape Interest? Maximum Entropy Applied to Social Media Photographs: A Case Study in Madrid | C107: 10.3390/land11050715 | D107: =HYPERLINK("https://doi.org/" & C107, C107) -> 10.3390/land11050715 | E107: Cultural activities | F107: Cultural heritage | G107: =VLOOKUP(F107, Pasarela!$A$1:$F$548, 5, FALSE) -> Supporting identities | H107: =VLOOKUP(G107, Pasarela!$E$2:$F$548, 2, FALSE) -> 17 | I107: Presence of museums, monuments, food or typical products. | J107: yes
A108: 9 | B108: Can We Foresee Landscape Interest? Maximum Entropy Applied to Social Media Photographs: A Case Study in Madrid | C108: 10.3390/land11050715 | D108: =HYPERLINK("https://doi.org/" & C108, C108) -> 10.3390/land11050715 | E108: Recreational activities | F108: Recreation | G108: =VLOOKUP(F108, Pasarela!$A$1:$F$548, 5, FALSE) -> Physical and psychological experiences | H108: =VLOOKUP(G108, Pasarela!$E$2:$F$548, 2, FALSE) -> 16 | I108: Presence of people engaged in sports or walking activities | J108: yes
A109: 43 | B109: The Geographic Spread and Preferences of Tourists Revealed by User-Generated Information on Jeju Island, South Korea | C109: 10.3390/land8050073 | D109: =HYPERLINK("https://doi.org/" & C109, C109) -> 10.3390/land8050073 | E109: recreation and tourism | F109: Recreation | G109: =VLOOKUP(F109, Pasarela!$A$1:$F$548, 5, FALSE) -> Physical and psychological experiences | H109: =VLOOKUP(G109, Pasarela!$E$2:$F$548, 2, FALSE) -> 16 | I109: INVEST definition: Recreation and tourism are important components of many national and local economies and they contribute in innumerable ways to quality of life, sense of place, social connection, physical wellbeing, learning, and other intangibles. | J109: yes
A110: 34 | B110: Recreation and environmental quality of tropical wetlands: A social media based spatial analysis | C110: 10.1016/j.tourman.2018.10.018 | D110: =HYPERLINK("https://doi.org/" & C110, C110) -> 10.1016/j.tourman.2018.10.018 | E110: recreation | F110: Recreation | G110: =VLOOKUP(F110, Pasarela!$A$1:$F$548, 5, FALSE) -> Physical and psychological experiences | H110: =VLOOKUP(G110, Pasarela!$E$2:$F$548, 2, FALSE) -> 16 | I110: Photographs taken at wetland sites were extracted if located within a 60 m buffer measured outwards from the wetland boundaries in order to account for photographs taken on the shores or banks of wetlands. | J110: yes
A111: 30 | B111: Modelling cultural ecosystem services in agricultural dykelands and tidal wetlands to inform coastal infrastructure decisions: A social media data approach | C111: 10.1016/j.marpol.2023.105533 | D111: =HYPERLINK("https://doi.org/" & C111, C111) -> 10.1016/j.marpol.2023.105533 | E111: Aesthetics | F111: Enjoy the landscape | G111: =VLOOKUP(F111, Pasarela!$A$1:$F$548, 5, FALSE) -> Physical and psychological experiences | H111: =VLOOKUP(G111, Pasarela!$E$2:$F$548, 2, FALSE) -> 16 | I111: Many people appreciate the beauty or aesthetic value of various aspects of ecosystems, as evidenced by support for parks, scenic drives, and housing location selection. | J111: yes
A112: 30 | B112: Modelling cultural ecosystem services in agricultural dykelands and tidal wetlands to inform coastal infrastructure decisions: A social media data approach | C112: 10.1016/j.marpol.2023.105533 | D112: =HYPERLINK("https://doi.org/" & C112, C112) -> 10.1016/j.marpol.2023.105533 | E112: Cultural heritage/diversity | F112: Cultural heritage | G112: =VLOOKUP(F112, Pasarela!$A$1:$F$548, 5, FALSE) -> Supporting identities | H112: =VLOOKUP(G112, Pasarela!$E$2:$F$548, 2, FALSE) -> 17 | I112: Many societies value the preservation of historically significant landscapes ("cultural landscapes") or culturally significant species. | J112: yes
... A114: 30 | B114: Modelling cultural ecosystem services in agricultural dykelands and tidal wetlands to inform coastal infrastructure decisions: A social media data approach | C114: 10.1016/j.marpol.2023.105533 | D114: =HYPERLINK("https://doi.org/" & C114, C114) -> 10.1016/j.marpol.2023.105533 | E114: Inspiration and art* | F114: Psychological experiences | G114: =VLOOKUP(F114, Pasarela!$A$1:$F$548, 5, FALSE) -> Physical and psychological experiences | H114: =VLOOKUP(G114, Pasarela!$E$2:$F$548, 2, FALSE) -> 16 | I114: Ecosystems are a rich source of inspiration for art (photographs, art structures, etc.), folklore, national symbols, architecture, and advertising. | J114: no
A115: 30 | B115: Modelling cultural ecosystem services in agricultural dykelands and tidal wetlands to inform coastal infrastructure decisions: A social media data approach | C115: 10.1016/j.marpol.2023.105533 | D115: =HYPERLINK("https://doi.org/" & C115, C115) -> 10.1016/j.marpol.2023.105533 | E115: Inspiration and art* | F115: Artistic inspiration | G115: Learning and inspiration | H115: =VLOOKUP(G115, Pasarela!$E$2:$F$548, 2, FALSE) -> 15 | I115: Ecosystems are a rich source of inspiration for art (photographs, art structures, etc.), folklore, national symbols, architecture, and advertising. | J115: no
A116: 30 | B116: Modelling cultural ecosystem services in agricultural dykelands and tidal wetlands to inform coastal infrastructure decisions: A social media data approach | C116: 10.1016/j.marpol.2023.105533 | D116: =HYPERLINK("https://doi.org/" & C116, C116) -> 10.1016/j.marpol.2023.105533 | E116: Recreation and tourism | F116: Recreation | G116: =VLOOKUP(F116, Pasarela!$A$1:$F$548, 5, FALSE) -> Physical and psychological experiences | H116: =VLOOKUP(G116, Pasarela!$E$2:$F$548, 2, FALSE) -> 16 | I116: People frequently base their leisure activities on the characteristics of natural or cultivated landscapes in a given area. | J116: yes
A117: 30 | B117: Modelling cultural ecosystem services in agricultural dykelands and tidal wetlands to inform coastal infrastructure decisions: A social media data approach | C117: 10.1016/j.marpol.2023.105533 | D117: =HYPERLINK("https://doi.org/" & C117, C117) -> 10.1016/j.marpol.2023.105533 | E117: Sense of place and terroir | F117: Sense of belonging | G117: =VLOOKUP(F117, Pasarela!$A$1:$F$548, 5, FALSE) -> Supporting identities | H117: =VLOOKUP(G117, Pasarela!$E$2:$F$548, 2, FALSE) -> 17 | I117: Many people value the "sense of place" associated with recognised features of their environment, including aspects of the ecosystem; these features represent a strong identity for people, such as their home or memories associated with a place. Place, including specific soil, topography, climate, landscape characteristics and biodiversity features, and human factors contribute to terroir. | J117: yes
A118: 30 | B118: Modelling cultural ecosystem services in agricultural dykelands and tidal wetlands to inform coastal infrastructure decisions: A social media data approach | C118: 10.1016/j.marpol.2023.105533 | D118: =HYPERLINK("https://doi.org/" & C118, C118) -> 10.1016/j.marpol.2023.105533 | E118: Social relations and relational values | F118: Social relations | G118: Supporting identities | H118: =VLOOKUP(G118, Pasarela!$E$2:$F$548, 2, FALSE) -> 17 | I118: Ecosystems have an impact on the types of social relationships that emerge in different cultures. Fishing societies, for example, differ in many ways from nomadic herding or agricultural societies in terms of social relations. | J118: yes
A119: 30 | B119: Modelling cultural ecosystem services in agricultural dykelands and tidal wetlands to inform coastal infrastructure decisions: A social media data approach | C119: 10.1016/j.marpol.2023.105533 | D119: =HYPERLINK("https://doi.org/" & C119, C119) -> 10.1016/j.marpol.2023.105533 | E119: Spiritual | F119: Spiritual significance | G119: =VLOOKUP(F119, Pasarela!$A$1:$F$548, 5, FALSE) -> Supporting identities | H119: =VLOOKUP(G119, Pasarela!$E$2:$F$548, 2, FALSE) -> 17 | I119: Many religions attribute spiritual and religious significance to ecosystems or their components. | J119: yes
A120: 8 | B120: Big data and evaluation of cultural ecosystem services: an analysis based on geotagged photographs from social media in Tuscan forest (Italy) | C120: 10.3832/ifor2821-011 | D120: =HYPERLINK("https://doi.org/" & C120, C120) -> 10.3832/ifor2821-011 | E120: Aesthetic appreciation of forest | F120: Enjoy the landscape | G120: =VLOOKUP(F120, Pasarela!$A$1:$F$548, 5, FALSE) -> Physical and psychological experiences | H120: =VLOOKUP(G120, Pasarela!$E$2:$F$548, 2, FALSE) -> 16 | I120: The pictures con-taining tags relevant to forest depiction(e.g., wood, forest, tree and other syn-onyms and related words) | J120: yes
A121: 46 | B121: Understanding the dynamic changes in wetland cultural ecosystem services: Integrating annual social media data into the SolVES | C121: 10.1016/j.apgeog.2023.102992 | D121: =HYPERLINK("https://doi.org/" & C121, C121) -> 10.1016/j.apgeog.2023.102992 | E121: aesthetic value* | F121: Enjoy the landscape | G121: =VLOOKUP(F121, Pasarela!$A$1:$F$548, 5, FALSE) -> Physical and psychological experiences | H121: =VLOOKUP(G121, Pasarela!$E$2:$F$548, 2, FALSE) -> 16 | I121: I cherish this aspect because I love to see the landscape, hear the sounds of nature, and smell the fragrance of nature. Examples: Seasonal and colour phases of plant landscapes, Richness of the water body landscape, Beautiful facilities and architecture | J121: no
A122: 46 | B122: Understanding the dynamic changes in wetland cultural ecosystem services: Integrating annual social media data into the SolVES | C122: 10.1016/j.apgeog.2023.102992 | D122: =HYPERLINK("https://doi.org/" & C122, C122) -> 10.1016/j.apgeog.2023.102992 | E122: aesthetic value* | F122: Enjoy the fauna and flora | G122: =VLOOKUP(F122, Pasarela!$A$1:$F$548, 5, FALSE) -> Physical and psychological experiences | H122: =VLOOKUP(G122, Pasarela!$E$2:$F$548, 2, FALSE) -> 16 | I122: I cherish this aspect because I love to see the landscape, hear the sounds of nature, and smell the fragrance of nature. Examples: Seasonal and colour phases of plant landscapes, Richness of the water body landscape, Beautiful facilities and architecture | J122: no
A123: 46 | B123: Understanding the dynamic changes in wetland cultural ecosystem services: Integrating annual social media data into the SolVES | C123: 10.1016/j.apgeog.2023.102992 | D123: =HYPERLINK("https://doi.org/" & C123, C123) -> 10.1016/j.apgeog.2023.102992 | E123: historic value | F123: Cultural heritage | G123: =VLOOKUP(F123, Pasarela!$A$1:$F$548, 5, FALSE) -> Supporting identities | H123: =VLOOKUP(G123, Pasarela!$E$2:$F$548, 2, FALSE) -> 17 | I123: I cherish this aspect because it is a historic heritage of both nature and people that is important to me, to other people, and to my nation. Examples: Historic sites, Local traditional cultural resources | J123: yes
A124: 46 | B124: Understanding the dynamic changes in wetland cultural ecosystem services: Integrating annual social media data into the SolVES | C124: 10.1016/j.apgeog.2023.102992 | D124: =HYPERLINK("https://doi.org/" & C124, C124) -> 10.1016/j.apgeog.2023.102992 | E124: recreational value* | F124: Recreation | G124: =VLOOKUP(F124, Pasarela!$A$1:$F$548, 5, FALSE) -> Physical and psychological experiences | H124: =VLOOKUP(G124, Pasarela!$E$2:$F$548, 2, FALSE) -> 16 | I124: I cherish this aspect because it offers a variety of places and opportunities for outdoor recreation. Examples: Recreational activities in the environment (e.g. walking, crabbing, boating, fishing, playing), Artistic creation in the environment (e.g. painting, dancing, playing instruments, singing) | J124: no
A125: 46 | B125: Understanding the dynamic changes in wetland cultural ecosystem services: Integrating annual social media data into the SolVES | C125: 10.1016/j.apgeog.2023.102992 | D125: =HYPERLINK("https://doi.org/" & C125, C125) -> 10.1016/j.apgeog.2023.102992 | E125: recreational value* | F125: Artistic inspiration | G125: =VLOOKUP(F125, Pasarela!$A$1:$F$548, 5, FALSE) -> Learning and inspiration | H125: =VLOOKUP(G125, Pasarela!$E$2:$F$548, 2, FALSE) -> 15 | I125: I cherish this aspect because it offers a variety of places and opportunities for outdoor recreation. Examples: Recreational activities in the environment (e.g. walking, crabbing, boating, fishing, playing), Artistic creation in the environment (e.g. painting, dancing, playing instruments, singing) | J125: no
A126: 18 | B126: Digital footprints: Incorporating crowdsourced geographic information for protected area management | C126: 10.1016/j.apgeog.2017.11.004 | D126: =HYPERLINK("https://doi.org/" & C126, C126) -> 10.1016/j.apgeog.2017.11.004 | E126: Human visitation and distribution | F126: Recreation | G126: =VLOOKUP(F126, Pasarela!$A$1:$F$548, 5, FALSE) -> Physical and psychological experiences | H126: =VLOOKUP(G126, Pasarela!$E$2:$F$548, 2, FALSE) -> 16 | I126: NOT clear | J126: does not provide definition
A127: 23 | B127: Geodiversity Supports Cultural Ecosystem Services: an Assessment Using Social Media | C127: 10.1007/s12371-022-00665-0 | D127: =HYPERLINK("https://doi.org/" & C127, C127) -> 10.1007/s12371-022-00665-0 | E127: Recreation | F127: Recreation | G127: =VLOOKUP(F127, Pasarela!$A$1:$F$548, 5, FALSE) -> Physical and psychological experiences | H127: =VLOOKUP(G127, Pasarela!$E$2:$F$548, 2, FALSE) -> 16 | I127: Our image search was limited to any georeferenced images falling within Wales, and containing a given keyword in the images title, tags or description. To ensure that all images of hiking were captured our keyword search included synonyms of hiking: “hike”, “hiking”, “walk”, “walking”, “trek”, “trekking”, “ramble”, “rambling”. | J127: yes
A128: 29 | B128: MaxEnt modelling of the potential distribution areas of cultural ecosystem services using social media data and GIS | C128: 10.1007/s10668-020-00692-3 | D128: =HYPERLINK("https://doi.org/" & C128, C128) -> 10.1007/s10668-020-00692-3 | E128: Aesthetic | F128: Enjoy the landscape | G128: =VLOOKUP(F128, Pasarela!$A$1:$F$548, 5, FALSE) -> Physical and psychological experiences | H128: =VLOOKUP(G128, Pasarela!$E$2:$F$548, 2, FALSE) -> 16 | I128: Many people find beauty or aesthetic value in various aspects of ecosystems, as reflected in the support for parks, scenic drives and the selection of housing locations. Examples: Photos showing natural and cultural landscapes | J128: yes
A129: 29 | B129: MaxEnt modelling of the potential distribution areas of cultural ecosystem services using social media data and GIS | C129: 10.1007/s10668-020-00692-3 | D129: =HYPERLINK("https://doi.org/" & C129, C129) -> 10.1007/s10668-020-00692-3 | E129: Cultural heritage | F129: Cultural heritage | G129: =VLOOKUP(F129, Pasarela!$A$1:$F$548, 5, FALSE) -> Supporting identities | H129: =VLOOKUP(G129, Pasarela!$E$2:$F$548, 2, FALSE) -> 17 | I129: Many societies place high value on the maintenance of either historically important landscapes (“cultural landscapes”) or culturally significant species. Examples: Photos showing tangible and intangible values like landscapes, ancient or traditional buildings and objects | J129: yes
A130: 29 | B130: MaxEnt modelling of the potential distribution areas of cultural ecosystem services using social media data and GIS | C130: 10.1007/s10668-020-00692-3 | D130: =HYPERLINK("https://doi.org/" & C130, C130) -> 10.1007/s10668-020-00692-3 | E130: Recreational | F130: Recreation | G130: =VLOOKUP(F130, Pasarela!$A$1:$F$548, 5, FALSE) -> Physical and psychological experiences | H130: =VLOOKUP(G130, Pasarela!$E$2:$F$548, 2, FALSE) -> 16 | I130: People often choose where to spend their leisure time based in part on the characteristics of the natural or cultivated landscapes in a particular area. Examples: Photos showing people or without people but related to the recreational activities and recreational equipment | J130: yes
... A140: 25 | B140: How do urban park features affect cultural ecosystem services: Quantified evidence for design practices | C140: 10.1016/j.ufug.2022.127713 | D140: =HYPERLINK("https://doi.org/" & C140, C140) -> 10.1016/j.ufug.2022.127713 | E140: Recreation value | F140: Recreation | G140: =VLOOKUP(F140, Pasarela!$A$1:$F$548, 5, FALSE) -> Physical and psychological experiences | H140: =VLOOKUP(G140, Pasarela!$E$2:$F$548, 2, FALSE) -> 16 | I140: People often choose where to spend their leisure time based in part on the characteristics of the natural or cultivated landscapes in a particular area | J140: yes
...

Sheet Pasarela
A1: NCP simple | B1: NCP | C1: Description (IPBES) | D1: Definition CES Diaz et al. | E1: Name | F1: Code
A2: Sense of belonging | B2: Sense of belonging (e.g. rootedness or connection) | C2: Landscapes, seascapes, habitats or organisms being the basis for religious, spiritual, and social-cohesion experiences: • Provisioning of opportunities by nature for people to develop a sense of place, belonging, rootedness or connectedness, associated with different entities of the living world (e. g. cultural, sacred and heritage landscapes, sounds, scents and sights associated with childhood experiences, iconic animals, trees or flowers) (187-198) • Basis for narratives, rituals and celebrations provided by landscapes, seascapes, habitats, species or organisms (13, 21, 169, 188, 189, 191, 199) • Source of satisfaction derived from knowing that a particular landscape, seascape, habitat or species exists (200, 201) | D2: Landscapes, seascapes, habitats or organisms being the basis for religious, spiritual, and social-cohesion experiences: • Provisioning of opportunities by nature for people to develop a sense of place, belonging, rootedness or connectedness, associated with different entities of the living world (e. g. cultural, sacred and heritage landscapes, sounds, scents and sights associated with childhood experiences, iconic animals, trees or flowers) (187-198) • Basis for narratives, rituals and celebrations provided by landscapes, seascapes, habitats, species or organisms (13, 21, 169, 188, 189, 191, 199) • Source of satisfaction derived from knowing that a particular landscape, seascape, habitat or species exists (200, 201) | E2: Supporting identities | F2: 17
A3: Environmental education | B3: Environmental education (e.g. places used for conservation activities) | C3: Learning and inspiration: Capabilities developed through education, knowledge acquisition, and inspiration by nature for art and technological design | D3: Provision, by landscapes, seascapes, habitats or organisms, of opportunities for the development of the capabilities that allow humans to prosper through education, acquisition of knowledge and development of skills for well-being, information, and inspiration for art and technological design (e.g. biomimicry) (165-174) | E3: Learning and inspiration | F3: 15
A4: Enjoy the fauna and flora | B4: Enjoy the fauna and flora (e.g. photography of emblematic species) | C4: Physical and psychological experiences: Physically and psychologically beneficial activities, healing, relaxation, recreation, and aesthetic enjoyment based on contact with nature | D4: Provision, by landscapes, seascapes, habitats or organisms, of opportunities for physically and psychologically beneficial activities, healing, relaxation, recreation, leisure, tourism and aesthetic enjoyment based on the close contact with nature (e.g. hiking, recreational hunting and fishing, birdwatching, snorkeling, diving, gardening) (175-187) | E4: Physical and psychological experiences | F4: 16
A5: Cultural heritage | B5: Cultural heritage (e.g. historical objects or landscape and/or intangible aspects) | C5: Supporting identities: The basis for religious, spiritual, and social cohesion; sense of place, purpose, belonging, or rootedness associated with the living world; narratives, myths, and rituals; satisfaction from a landscape, seascape, habitat, or species | D5: Landscapes, seascapes, habitats or organisms being the basis for religious, spiritual, and social-cohesion experiences: • Provisioning of opportunities by nature for people to develop a sense of place, belonging, rootedness or connectedness, associated with different entities of the living world (e. g. cultural, sacred and heritage landscapes, sounds, scents and sights associated with childhood experiences, iconic animals, trees or flowers) (187-198) • Basis for narratives, rituals and celebrations provided by landscapes, seascapes, habitats, species or organisms (13, 21, 169, 188, 189, 191, 199) • Source of satisfaction derived from knowing that a particular landscape, seascape, habitat or species exists (200, 201) | E5: Supporting identities | F5: 17
A6: Recreation (e.g. hunting, fishing) | B6: Recreation (e.g. hunting, fishing) | C6: Physical and psychological experiences: Physically and psychologically beneficial activities, healing, relaxation, recreation, and aesthetic enjoyment based on contact with nature | D6: Provision, by landscapes, seascapes, habitats or organisms, of opportunities for physically and psychologically beneficial activities, healing, relaxation, recreation, leisure, tourism and aesthetic enjoyment based on the close contact with nature (e.g. hiking, recreational hunting and fishing, birdwatching, snorkeling, diving, gardening) (175-187) | E6: Physical and psychological experiences | F6: 16
A7: Recreation | B7: Recreation (e.g. bird watching, ecotourism, hiking, skiing, biking, horseback riding) | C7: Physical and psychological experiences: Physically and psychologically beneficial activities, healing, relaxation, recreation, and aesthetic enjoyment based on contact with nature | D7: Provision, by landscapes, seascapes, habitats or organisms, of opportunities for physically and psychologically beneficial activities, healing, relaxation, recreation, leisure, tourism and aesthetic enjoyment based on the close contact with nature (e.g. hiking, recreational hunting and fishing, birdwatching, snorkeling, diving, gardening) (175-187) | E7: Physical and psychological experiences | F7: 16
A8: Psychological experiences | B8: Psychological experiences (e.g. relaxation, peace of mind) | C8: Physical and psychological experiences: Physically and psychologically beneficial activities, healing, relaxation, recreation, and aesthetic enjoyment based on contact with nature | D8: Provision, by landscapes, seascapes, habitats or organisms, of opportunities for physically and psychologically beneficial activities, healing, relaxation, recreation, leisure, tourism and aesthetic enjoyment based on the close contact with nature (e.g. hiking, recreational hunting and fishing, birdwatching, snorkeling, diving, gardening) (175-187) | E8: Physical and psychological experiences | F8: 16
A9: Research | B9: Research (e.g. places of special scientific interest) | C9: Learning and inspiration: Capabilities developed through education, knowledge acquisition, and inspiration by nature for art and technological design | D9: Provision, by landscapes, seascapes, habitats or organisms, of opportunities for the development of the capabilities that allow humans to prosper through education, acquisition of knowledge and development of skills for well-being, information, and inspiration for art and technological design (e.g. biomimicry) (165-174) | E9: Learning and inspiration | F9: 15
A10: Enjoy the landscape | B10: Enjoy the landscape (e.g. its beauty) | C10: Physical and psychological experiences: Physically and psychologically beneficial activities, healing, relaxation, recreation, and aesthetic enjoyment based on contact with nature | D10: Provision, by landscapes, seascapes, habitats or organisms, of opportunities for physically and psychologically beneficial activities, healing, relaxation, recreation, leisure, tourism and aesthetic enjoyment based on the close contact with nature (e.g. hiking, recreational hunting and fishing, birdwatching, snorkeling, diving, gardening) (175-187) | E10: Physical and psychological experiences | F10: 16
A11: Spiritual significance | B11: Spiritual significance (eg spiritual and/or religious enrichment) | C11: Supporting identities: The basis for religious, spiritual, and social cohesion; sense of place, purpose, belonging, or rootedness associated with the living world; narratives, myths, and rituals; satisfaction from a landscape, seascape, habitat, or species | D11: Landscapes, seascapes, habitats or organisms being the basis for religious, spiritual, and social-cohesion experiences: • Provisioning of opportunities by nature for people to develop a sense of place, belonging, rootedness or connectedness, associated with different entities of the living world (e. g. cultural, sacred and heritage landscapes, sounds, scents and sights associated with childhood experiences, iconic animals, trees or flowers) (187-198) • Basis for narratives, rituals and celebrations provided by landscapes, seascapes, habitats, species or organisms (13, 21, 169, 188, 189, 191, 199) • Source of satisfaction derived from knowing that a particular landscape, seascape, habitat or species exists (200, 201) | E11: Supporting identities | F11: 17
A12: Rural tourism | B12: Rural tourism (e.g. visits and/or walks through a town) | C12: Supporting identities: The basis for religious, spiritual, and social cohesion; sense of place, purpose, belonging, or rootedness associated with the living world; narratives, myths, and rituals; satisfaction from a landscape, seascape, habitat, or species | D12: Landscapes, seascapes, habitats or organisms being the basis for religious, spiritual, and social-cohesion experiences: • Provisioning of opportunities by nature for people to develop a sense of place, belonging, rootedness or connectedness, associated with different entities of the living world (e. g. cultural, sacred and heritage landscapes, sounds, scents and sights associated with childhood experiences, iconic animals, trees or flowers) (187-198) • Basis for narratives, rituals and celebrations provided by landscapes, seascapes, habitats, species or organisms (13, 21, 169, 188, 189, 191, 199) • Source of satisfaction derived from knowing that a particular landscape, seascape, habitat or species exists (200, 201) | E12: Supporting identities | F12: 17
A13: Maintenance of options | B13: Maintenance of options | C13: Capacity of ecosystems, habitats, species or genotypes to keep options open in order to support a good quality of life. | D13: Capacity of ecosystems, habitats, species or genotypes to keep options open in order to support a good quality of life. Examples include: • Benefits (including those of future generations) associated with the continued existence of a wide variety of species, populations and genotypes. This includes their contributions to the resilience and resistance of ecosystem properties in the face of environmental change and variability (6, 7, 203-206) • Future benefits (or threats) derived from keeping options open for yet unknown discoveries and unanticipated uses of particular organisms or ecosystems that already exist (e.g. new medicines or materials) (5) • Future benefits (or threats) that may be anticipated from on- going biological evolution (e.g. adaptation to a warmer climate, to emergent diseases, development of resistance to antibiotics and other control agents by pathogens and weeds) | E13: Maintenance of options | F13: 18
A14: Intrinsic | B14: Intrinsic | E14: Maintenance of options
A15: Social relations | B15: Social relations | C15: Supporting identities: The basis for religious, spiritual, and social cohesion; sense of place, purpose, belonging, or rootedness associated with the living world; narratives, myths, and rituals; satisfaction from a landscape, seascape, habitat, or species | D15: Landscapes, seascapes, habitats or organisms being the basis for religious, spiritual, and social-cohesion experiences: • Provisioning of opportunities by nature for people to develop a sense of place, belonging, rootedness or connectedness, associated with different entities of the living world (e. g. cultural, sacred and heritage landscapes, sounds, scents and sights associated with childhood experiences, iconic animals, trees or flowers) (187-198) • Basis for narratives, rituals and celebrations provided by landscapes, seascapes, habitats, species or organisms (13, 21, 169, 188, 189, 191, 199) • Source of satisfaction derived from knowing that a particular landscape, seascape, habitat or species exists (200, 201) | E15: Supporting identities | F15: 17
A16: Artistic inspiration | B16: Artistic inspiration | C16: Learning and inspiration: Capabilities developed through education, knowledge acquisition, and inspiration by nature for art and technological design | D16: Provision, by landscapes, seascapes, habitats or organisms, of opportunities for the development of the capabilities that allow humans to prosper through education, acquisition of knowledge and development of skills for well-being, information, and inspiration for art and technological design (e.g. biomimicry) (165-174) | E16: Learning and inspiration | F16: 15
A17: Non-material NCP | B17: Non-material NCP | C17: Includes all | D17: Includes all | E17: Non-material NCP | F17: 15,16,17,18
